Model,Predictor,Coefficient,Robust_SE,Test_statistic,p_value,CI_lower_95,CI_upper_95
Multiple Linear Regression,const,1.4807692307692308,0.09228264908597197,16.046019977056822,6.0949330521325336e-58,1.2998985621627777,1.661639899375684
Multiple Linear Regression,RankPointsDiff_TeamVsOpponent,0.0028657687775423637,0.00040416787925114507,7.09054065071215,1.335890680143973e-12,0.002073614290502186,0.003657923264582541
Multiple Linear Regression,HostAdvantage_TeamVsOpponent,0.3383402104741391,0.2750344818151892,1.2301737885414983,0.21863203306634715,-0.20071746839026816,0.8773978893385463
Multiple Linear Regression,FormGoalsForDiff_TeamVsOpponent,-0.14166682938178032,0.08646971301905296,-1.6383404597464675,0.10135069201989572,-0.31114435265263835,0.027810693889077698
Multiple Linear Regression,FormGoalsAgstDiff_TeamVsOpponent,-0.13070111484933492,0.11356595636304417,-1.150882879298032,0.2497804221230131,-0.3532862991907489,0.09188406949207906
Poisson Regression,const,0.2709414114537366,0.06938669273187659,3.9048036559503694,9.430191666626e-05,0.13494599269291138,0.40693683021456184
Poisson Regression,RankPointsDiff_TeamVsOpponent,0.001993268604013073,0.00025856527305509025,7.708957125067544,1.2685001713440148e-14,0.0014864899811723312,0.0025000472268538144
Poisson Regression,HostAdvantage_TeamVsOpponent,0.24866992688805642,0.18969338954234838,1.3109045470060607,0.1898900144680371,-0.12312228472027334,0.6204621384963862
Poisson Regression,FormGoalsForDiff_TeamVsOpponent,-0.0966436807717311,0.05848566572647849,-1.652433627475615,0.0984461851132632,-0.21127347920747758,0.017986117664015353
Poisson Regression,FormGoalsAgstDiff_TeamVsOpponent,-0.08763203292248892,0.07510799344773504,-1.1667470917522103,0.243312519149947,-0.23484099503111996,0.05957692918614213
